theta,model,comfort_n,stress_n,rmse,r2
0.03,A_baseline,307,3695,0.3533864275444272,0.7135076468539807
0.03,B_pure_ar,307,3695,0.35158510184324293,0.7164208926408272
0.03,C_enhanced,307,3695,0.351334990298875,0.716824215649748
0.04,A_baseline,1356,2646,0.3627592311386024,0.6981089424087793
0.04,B_pure_ar,1356,2646,0.3497433841952837,0.7193840712652579
0.04,C_enhanced,1356,2646,0.3506782133523925,0.7178819496971776
0.05,A_baseline,1862,2140,0.36658158132239294,0.6917134455173142
0.05,B_pure_ar,1862,2140,0.34999955084528184,0.7189728510893665
0.05,C_enhanced,1862,2140,0.352650800150942,0.7146991598882708
0.060000000000000005,A_baseline,2165,1837,0.3683487953723849,0.6887339093784601
0.060000000000000005,B_pure_ar,2165,1837,0.35068020262073424,0.7178787489845213
0.060000000000000005,C_enhanced,2165,1837,0.3539630378932721,0.7125719616420132
0.07,A_baseline,2340,1662,0.36935214860979954,0.6870358710115128
0.07,B_pure_ar,2340,1662,0.350773295346616,0.7177289434233336
0.07,C_enhanced,2340,1662,0.3550862938479724,0.7107448356953487
0.08000000000000002,A_baseline,2522,1480,0.36994614152678573,0.6860284424220009
0.08000000000000002,B_pure_ar,2522,1480,0.3515024630801357,0.7165541853909563
0.08000000000000002,C_enhanced,2522,1480,0.3549539012082799,0.7109604909672461
0.09000000000000001,A_baseline,2674,1328,0.3699000418155215,0.6861066867646677
0.09000000000000001,B_pure_ar,2674,1328,0.35139771411552956,0.7167230959094343
0.09000000000000001,C_enhanced,2674,1328,0.3554805981906324,0.7101020742306087
0.1,A_baseline,2803,1199,0.36992965503328573,0.6860564258180826
0.1,B_pure_ar,2803,1199,0.3512578342028887,0.7169485775238507
0.1,C_enhanced,2803,1199,0.35744008115918086,0.706897310561092
0.11000000000000001,A_baseline,2881,1121,0.3684799759945987,0.6885121665588803
0.11000000000000001,B_pure_ar,2881,1121,0.34939824835790245,0.7199376361392362
0.11000000000000001,C_enhanced,2881,1121,0.3535256541489915,0.7132818588110317
0.12000000000000002,A_baseline,2962,1040,0.3686175469611284,0.6882795369215664
0.12000000000000002,B_pure_ar,2962,1040,0.34997399832366033,0.7190138836572681
0.12000000000000002,C_enhanced,2962,1040,0.3540054381349089,0.7125030971171942
0.13,A_baseline,3020,982,0.36853345938071874,0.6884217375848398
0.13,B_pure_ar,3020,982,0.3502629911429206,0.7185496406151686
0.13,C_enhanced,3020,982,0.3560482367125147,0.7091755054386397
0.14,A_baseline,3077,925,0.3677518638587508,0.6897419429987715
0.14,B_pure_ar,3077,925,0.3493216060015703,0.7200604889892201
0.14,C_enhanced,3077,925,0.3553218335681417,0.7103609646287096
0.15000000000000002,A_baseline,3118,884,0.3676104856015639,0.68998044790501
0.15000000000000002,B_pure_ar,3118,884,0.3494548094374662,0.7198469550217934
0.15000000000000002,C_enhanced,3118,884,0.3562982503172818,0.708766933785166
0.16000000000000003,A_baseline,3154,848,0.36759513343584505,0.690006341465415
0.16000000000000003,B_pure_ar,3154,848,0.34983051177395125,0.7192442405613217
0.16000000000000003,C_enhanced,3154,848,0.3532818319222707,0.7136772142675908
0.17,A_baseline,3189,813,0.36751250787017875,0.690145682389468
0.17,B_pure_ar,3189,813,0.3502867959445941,0.7185113830896749
0.17,C_enhanced,3189,813,0.3534186364931804,0.7134554205242689
0.18000000000000002,A_baseline,3228,774,0.36749929363012757,0.690167964165656
0.18000000000000002,B_pure_ar,3228,774,0.3508333693014904,0.7176322508244815
0.18000000000000002,C_enhanced,3228,774,0.35478078312635414,0.7112423628552769
0.19000000000000003,A_baseline,3243,759,0.3675014375344322,0.690164349180896
0.19000000000000003,B_pure_ar,3243,759,0.3510680459939737,0.7172543660619999
0.19000000000000003,C_enhanced,3243,759,0.3548260724867128,0.7111686357312764
0.20000000000000004,A_baseline,3297,705,0.3674782567246201,0.6902034348227182
0.20000000000000004,B_pure_ar,3297,705,0.34943934674826405,0.7198717469176672
0.20000000000000004,C_enhanced,3297,705,0.35595321959437803,0.7093307069833461
0.21000000000000005,A_baseline,3318,684,0.3674756625467184,0.6902078087662209
0.21000000000000005,B_pure_ar,3318,684,0.349862669173418,0.719192622479069
0.21000000000000005,C_enhanced,3318,684,0.3563004661727396,0.7087633113571278
0.22000000000000003,A_baseline,3343,659,0.36740008460661716,0.690335224268041
0.22000000000000003,B_pure_ar,3343,659,0.35015877556775254,0.71871709848681
0.22000000000000003,C_enhanced,3343,659,0.358914029075344,0.7044750369500041
0.23000000000000004,A_baseline,3365,637,0.36733348342346767,0.6904474842917886
0.23000000000000004,B_pure_ar,3365,637,0.3505853879348132,0.7180312846649635
0.23000000000000004,C_enhanced,3365,637,0.35552558183643884,0.7100287003768294
0.24000000000000005,A_baseline,3390,612,0.36733870235127875,0.6904386882316278
0.24000000000000005,B_pure_ar,3390,612,0.351082821550563,0.7172305654793085
0.24000000000000005,C_enhanced,3390,612,0.35632945342444267,0.7087159216093668
0.25,A_baseline,3411,591,0.36732514545239237,0.6904615369754981
0.25,B_pure_ar,3411,591,0.35143532496595103,0.7166624531959782
0.25,C_enhanced,3411,591,0.3567569290386739,0.7080166163551238
0.26,A_baseline,3429,573,0.3673188306508116,0.6904721796292782
0.26,B_pure_ar,3429,573,0.3519503317353345,0.7158314173656062
0.26,C_enhanced,3429,573,0.35834314906676074,0.705414399066374
0.27,A_baseline,3447,555,0.36730370490584435,0.6904976710666035
0.27,B_pure_ar,3447,555,0.35230947528943984,0.7152511685229985
0.27,C_enhanced,3447,555,0.3555451710271767,0.7099967450977877
0.28,A_baseline,3474,528,0.36731692601614324,0.6904753895702878
0.28,B_pure_ar,3474,528,0.3534740394348809,0.713365574345658
0.28,C_enhanced,3474,528,0.35589503931596717,0.7094257185601456
0.29000000000000004,A_baseline,3485,517,0.36733265872584714,0.6904488742382437
0.29000000000000004,B_pure_ar,3485,517,0.3539243498870817,0.712634789727606
0.29000000000000004,C_enhanced,3485,517,0.35643662115369906,0.7085406851973002
0.30000000000000004,A_baseline,3509,493,0.36736975351343293,0.6903863515478621
0.30000000000000004,B_pure_ar,3509,493,0.35516114394206016,0.7106228762811634
0.30000000000000004,C_enhanced,3509,493,0.35837045076391927,0.705369509170944
0.31000000000000005,A_baseline,3528,474,0.36735591262630785,0.6904096808872725
0.31000000000000005,B_pure_ar,3528,474,0.3557538303592414,0.7096562559180839
0.31000000000000005,C_enhanced,3528,474,0.35934425544004056,0.703766127169543
